Label,# Samples,Average,Median,90% Line,95% Line,99% Line,Min,Max,Error %,Throughput,Received KB/sec,Sent KB/sec
"ReactDev/complete/search-2,370",150,870,422,1851,2681,7947,249,10078,33.333%,.61802,5.53,0.18
"ReactDev/-2,371",150,901,373,1544,2766,10603,160,12282,33.333%,.61628,26.50,0.27
"ReactDev/images/home/conf2021/andrew.jpg-2,374",150,161,84,321,487,1419,49,2484,2.000%,.61834,1.55,0.28
"ReactDev/images/uwu.png-2,373",150,612,201,1202,2270,6541,64,12708,4.667%,.61808,33.56,0.27
"ReactDev/images/home/conf2021/juan.jpg-2,376",150,165,78,203,421,2998,50,3701,1.333%,.61976,0.94,0.28
"ReactDev/images/home/conf2021/rick.jpg-2,377",150,173,81,220,393,2962,48,3802,1.333%,.61959,1.08,0.28
"ReactDev/images/home/conf2021/lauren.jpg-2,375",150,205,87,460,631,2636,50,3729,0.667%,.61961,3.70,0.28
"ReactDev/images/home/conf2021/cover.svg-2,372",150,146,76,338,452,738,48,2071,2.000%,.61966,0.67,0.28
"ReactDev/_next/data/1-ZF-6XQG0jdGRecpF7eG/index.json-2,378",150,129,78,241,364,900,49,1117,0.667%,.61988,0.43,0.27
"ReactDev/_next/data/1-ZF-6XQG0jdGRecpF7eG/versions.json-2,379",150,175,93,393,569,1010,49,1705,2.667%,.62014,3.45,0.28
"ReactDev/_next/data/1-ZF-6XQG0jdGRecpF7eG/community.json-2,383",150,126,78,242,373,1064,50,1104,2.000%,.62037,1.14,0.28
"ReactDev/_next/data/1-ZF-6XQG0jdGRecpF7eG/reference/react.json-2,381",150,128,84,222,407,643,50,1095,1.333%,.62040,1.40,0.30
"ReactDev/_next/data/1-ZF-6XQG0jdGRecpF7eG/blog.json-2,382",150,165,85,287,530,1473,49,2494,0.667%,.62040,2.83,0.28
"ReactDev/_next/data/1-ZF-6XQG0jdGRecpF7eG/community/translations.json-2,384",150,146,83,306,441,932,47,1011,1.333%,.62042,1.46,0.31
"ReactDev/images/home/videos/documentary.webp-2,386",150,278,110,460,547,5772,49,6978,1.333%,.62046,6.64,0.28
"ReactDev/images/home/videos/rn.jpg-2,388",150,231,117,396,606,1578,50,6433,3.333%,.62048,8.69,0.28
"ReactDev/images/home/videos/hooks.jpg-2,389",150,163,83,359,453,1231,46,1283,2.000%,.62046,3.52,0.28
"ReactDev/images/home/videos/rethinking.jpg-2,387",150,193,93,420,558,1690,47,1709,1.333%,.62047,5.44,0.28
"ReactDev/g/collect?v=2&tid=G-B1E83PJ3RT&gtm=45je6461h1v9119811439za200zd9119811439&_p=1775663495692&gcd=13l3l3l3l1l1&npa=0&dma=0&_eu=AAAAAAQ&cid=144136750.1775661569&frm=0&pscdl=noapi&sr=1536x864&ul=en-us&_s=5&tag_exp=0~115616986~115938466~115938469~116363097~116991816~117512543&sid=1775661568&sct=1&seg=1&dl=https%3A%2F%2Freact.dev%2Fcommunity%2Fconferences&dt=React%20Conferences%20%E2%80%93%20React&en=timing&_ee=1&ep.event_label=JS%20Dependencies&ep.event=unload&_et=2442&tfd=121906-2,385",150,371,251,692,858,1968,166,3028,33.333%,.62015,0.50,0.61
"ReactDev/images/home/videos/rsc.jpg-2,390",150,158,88,253,495,1058,49,2861,0.000%,.62062,3.96,0.28
"ReactDev/images/home/conf2021/shaundai.jpg-2,391",150,111,75,217,306,581,46,700,1.333%,.62065,1.70,0.28
"ReactDev/images/home/conf2021/shruti.jpg-2,392",150,116,74,176,404,767,48,940,0.000%,.62067,1.10,0.28
"ReactDev/images/home/conf2021/aakansha.jpg-2,393",150,124,75,200,346,1059,48,1238,0.667%,.62068,1.15,0.28
"ReactDev/_next/data/1-ZF-6XQG0jdGRecpF7eG/reference/react.json-2,395",150,135,78,294,411,792,49,888,0.667%,.62070,1.40,0.30
"ReactDev/images/home/conf2021/brian.jpg-2,394",150,128,76,250,367,748,48,1512,0.000%,.62068,1.17,0.28
"ReactDev/images/home/conf2021/xuan.jpg-2,396",150,93,72,147,180,454,47,466,0.667%,.62066,0.80,0.28
"ReactDev/images/home/conf2021/rachel.jpg-2,398",150,139,76,299,473,908,46,1336,0.000%,.62067,1.70,0.28
"ReactDev/_next/data/1-ZF-6XQG0jdGRecpF7eG/learn.json-2,397",150,162,93,308,471,675,51,2845,0.667%,.62065,4.31,0.28
"ReactDev/images/home/conf2021/debbie.jpg-2,399",150,116,76,202,270,1082,48,1354,2.000%,.62067,0.82,0.28
"ReactDev/images/home/conf2021/linton.jpg-2,401",150,126,76,233,332,966,47,2239,1.333%,.62067,1.04,0.28
"ReactDev/images/home/conf2021/sarah.jpg-2,400",150,112,75,175,268,637,47,1411,0.667%,.62069,1.10,0.28
"ReactDev/images/home/conf2021/robert.jpg-2,403",150,126,72,215,364,1105,49,1270,2.000%,.62070,1.05,0.28
"ReactDev/images/home/conf2021/delba.jpg-2,402",150,119,74,213,371,738,47,1039,0.667%,.62067,1.06,0.28
"ReactDev/images/home/conf2021/eric.jpg-2,404",150,116,73,225,339,810,47,857,0.000%,.62057,1.11,0.28
"ReactDev/images/home/conf2021/steven.jpg-2,405",150,154,85,330,471,901,49,1056,0.667%,.62049,2.68,0.28
"ReactDev/_next/data/1-ZF-6XQG0jdGRecpF7eG/learn.json-2,380",150,180,103,375,491,1407,48,1770,0.667%,.62051,4.31,0.28
"ReactDev/images/home/conf2021/roman.jpg-2,406",150,118,74,196,290,1101,47,1296,0.667%,.62052,0.92,0.28
"ReactDev/images/home/conf2021/daishi.jpg-2,407",150,160,70,373,492,1117,48,3476,0.000%,.62058,1.02,0.28
"ReactDev/images/home/conf2021/diego.jpg-2,408",150,121,74,235,344,614,48,761,1.333%,.62049,1.15,0.28
"ReactDev/_next/data/1-ZF-6XQG0jdGRecpF7eG/learn.json?markdownPath=learn-2,409",150,128,74,297,410,835,48,1129,0.667%,.62050,0.35,0.27
"ReactDev/images/home/conf2021/tafu.jpg-2,410",150,117,72,203,301,1042,48,1043,0.000%,.62052,1.08,0.28
"ReactDev/images/home/conf2021/lyle.jpg-2,411",150,133,78,236,361,1039,48,1123,0.667%,.62057,1.21,0.28
"ReactDev/images/home/conf2021/helen.jpg-2,412",150,121,73,211,318,898,48,1240,0.667%,.62057,1.02,0.28
"ReactDev/_next/image-2,413",150,344,199,656,823,3657,51,4525,2.667%,.62037,13.51,0.29
"ReactDev/_next/image-2,414",150,143,80,319,437,749,50,1761,0.000%,.62039,2.72,0.29
"ReactDev/images/home/conf2019/cover.svg-2,415",150,168,108,355,474,747,49,2157,2.000%,.62037,3.27,0.28
"ReactDev/_next/data/1-ZF-6XQG0jdGRecpF7eG/learn/tutorial-tic-tac-toe.json-2,416",150,416,175,679,922,6180,57,7836,0.667%,.62034,13.25,0.31
"ReactDev/_next/data/1-ZF-6XQG0jdGRecpF7eG/learn/thinking-in-react.json-2,417",150,191,100,379,594,1361,52,1899,2.000%,.62041,5.00,0.31
"ReactDev/_next/data/1-ZF-6XQG0jdGRecpF7eG/learn/installation.json-2,418",150,156,90,327,403,1092,49,2551,0.667%,.62041,1.34,0.30
"ReactDev/_next/data/1-ZF-6XQG0jdGRecpF7eG/learn/react-compiler.json-2,420",150,153,77,265,452,1711,49,3090,0.667%,.62041,1.07,0.31
"ReactDev/_next/data/1-ZF-6XQG0jdGRecpF7eG/learn/setup.json-2,419",150,156,83,340,466,812,49,2597,0.000%,.62006,0.85,0.30
"ReactDev/_next/data/1-ZF-6XQG0jdGRecpF7eG/learn/describing-the-ui.json-2,421",150,188,101,426,636,1130,50,1195,0.000%,.62006,4.05,0.31
"ReactDev/_next/data/1-ZF-6XQG0jdGRecpF7eG/learn/managing-state.json-2,422",150,238,116,365,470,3775,51,5393,0.667%,.62004,4.90,0.31
"ReactDev/_next/data/1-ZF-6XQG0jdGRecpF7eG/learn/adding-interactivity.json-2,423",150,193,117,370,629,1006,50,2426,0.000%,.62005,5.39,0.31
"ReactDev/_next/data/1-ZF-6XQG0jdGRecpF7eG/learn/escape-hatches.json-2,424",150,217,111,408,608,1863,49,5229,1.333%,.62009,4.75,0.31
"ReactDev/canonical.html-2,425",150,275,206,501,645,829,150,1028,32.667%,.61987,0.18,0.18
"ReactDev/success.txt-2,426",150,145,97,253,421,689,75,968,0.000%,.62046,0.13,0.19
"ReactDev/success.txt-2,427",150,156,95,248,481,1053,75,1358,0.667%,.62048,0.13,0.19
"ReactDev/_next/data/1-ZF-6XQG0jdGRecpF7eG/reference/react.json-2,428",150,137,84,278,392,698,50,1073,1.333%,.62055,1.40,0.30
"ReactDev/_next/data/1-ZF-6XQG0jdGRecpF7eG/reference/react.json?markdownPath=reference&markdownPath=react-2,429",150,123,75,175,349,854,48,1934,2.000%,.62060,0.36,0.29
"ReactDev/_next/data/1-ZF-6XQG0jdGRecpF7eG/reference/react/components.json-2,430",150,172,82,245,351,848,50,6891,0.667%,.62064,0.81,0.33
"ReactDev/_next/data/1-ZF-6XQG0jdGRecpF7eG/reference/react/hooks.json-2,431",150,159,86,339,416,1186,49,1905,0.000%,.62066,2.10,0.32
"ReactDev/_next/data/1-ZF-6XQG0jdGRecpF7eG/reference/react-dom/hooks.json-2,432",150,124,83,215,365,848,49,881,0.667%,.62040,0.95,0.33
"ReactDev/_next/data/1-ZF-6XQG0jdGRecpF7eG/reference/react/apis.json-2,433",150,128,89,227,339,742,49,1062,0.000%,.62039,1.08,0.32
"ReactDev/_next/data/1-ZF-6XQG0jdGRecpF7eG/reference/react-dom/components.json-2,434",150,159,105,369,413,762,49,1063,1.333%,.62033,3.29,0.33
"ReactDev/_next/data/1-ZF-6XQG0jdGRecpF7eG/reference/react-dom.json-2,435",150,130,87,298,364,488,49,928,1.333%,.62028,1.28,0.31
"ReactDev/_next/data/1-ZF-6XQG0jdGRecpF7eG/reference/react-dom/static.json-2,438",150,122,81,198,323,642,49,1390,2.667%,.62029,0.99,0.33
"ReactDev/_next/data/1-ZF-6XQG0jdGRecpF7eG/reference/react-dom/client.json-2,436",150,127,78,235,400,715,50,1249,0.667%,.62046,0.84,0.33
"ReactDev/_next/data/1-ZF-6XQG0jdGRecpF7eG/reference/react-dom/server.json-2,437",150,161,77,348,580,1494,49,1606,0.667%,.62040,1.09,0.33
"ReactDev/_next/data/1-ZF-6XQG0jdGRecpF7eG/reference/rsc/directives.json-2,439",150,124,79,251,387,520,48,985,1.333%,.62026,0.69,0.33
"ReactDev/_next/data/1-ZF-6XQG0jdGRecpF7eG/reference/react-compiler/configuration.json-2,440",150,147,76,208,377,1489,50,2745,0.000%,.62034,1.46,0.34
"ReactDev/g/collect?v=2&tid=G-B1E83PJ3RT&gtm=45je6461h1v9119811439za200zd9119811439&_p=1775663617227&gcd=13l3l3l3l1l1&npa=0&dma=0&_eu=AAAAAAQ&cid=144136750.1775661569&frm=0&pscdl=noapi&sr=1536x864&ul=en-us&tag_exp=0~115938465~115938469~116991816~117266401~117512543~118463801&sid=1775661568&sct=1&seg=1&dl=https%3A%2F%2Freact.dev%2F&dt=Quick%20Start%20%E2%80%93%20React&_s=1&tfd=6073-2,441",150,119,84,254,332,508,55,703,2.667%,.62038,0.50,0.67
"ReactDev/_next/data/1-ZF-6XQG0jdGRecpF7eG/reference/react/components.json-2,442",150,165,85,363,474,1514,49,1569,1.333%,.62044,0.81,0.33
"ReactDev/_next/data/1-ZF-6XQG0jdGRecpF7eG/reference/react/apis.json-2,443",150,130,80,277,371,626,48,655,1.333%,.62040,1.08,0.32
"ReactDev/_next/data/1-ZF-6XQG0jdGRecpF7eG/reference/react/apis.json?markdownPath=reference&markdownPath=react&markdownPath=apis-2,444",150,127,73,316,408,667,46,1042,0.667%,.62040,0.36,0.31
"ReactDev/_next/data/1-ZF-6XQG0jdGRecpF7eG/reference/react/act.json-2,445",150,188,92,401,651,1436,51,1958,2.000%,.62042,2.13,0.32
"ReactDev/_next/data/1-ZF-6XQG0jdGRecpF7eG/reference/react/memo.json-2,449",150,231,133,445,661,1663,50,5005,1.333%,.62014,4.90,0.32
"ReactDev/_next/data/1-ZF-6XQG0jdGRecpF7eG/reference/react/createContext.json-2,446",150,138,99,268,381,604,49,654,1.333%,.62012,2.30,0.33
"ReactDev/_next/data/1-ZF-6XQG0jdGRecpF7eG/reference/react/useContext.json-2,447",150,260,136,608,751,2066,52,2385,2.000%,.62053,6.07,0.33
"ReactDev/_next/data/1-ZF-6XQG0jdGRecpF7eG/reference/react/lazy.json-2,448",150,144,100,268,433,635,50,666,1.333%,.62055,2.26,0.32
"ReactDev/_next/data/1-ZF-6XQG0jdGRecpF7eG/reference/react/useMemo.json-2,450",150,292,173,716,952,1512,55,2214,2.000%,.62055,8.89,0.33
"ReactDev/_next/data/1-ZF-6XQG0jdGRecpF7eG/reference/react/useCallback.json-2,451",150,237,133,500,659,1374,54,3406,0.667%,.62139,6.83,0.33
"ReactDev/_next/data/1-ZF-6XQG0jdGRecpF7eG/reference/react/use.json-2,452",150,188,115,349,517,1065,51,2185,0.000%,.62308,3.72,0.32
"ReactDev/_next/data/1-ZF-6XQG0jdGRecpF7eG/reference/react/startTransition.json-2,454",150,142,87,307,441,907,50,1004,1.333%,.62324,1.67,0.34
"ReactDev/_next/data/1-ZF-6XQG0jdGRecpF7eG/reference/react/useTransition.json-2,453",150,279,140,638,773,3103,54,3377,2.000%,.62378,8.27,0.34
"ReactDev/_next/data/1-ZF-6XQG0jdGRecpF7eG/learn/passing-data-deeply-with-context.json-2,455",150,193,107,469,587,1014,52,1853,1.333%,.62395,6.12,0.34
"ReactDev/_next/data/1-ZF-6XQG0jdGRecpF7eG/reference/react/addTransitionType.json-2,456",150,138,82,248,378,1035,50,1060,1.333%,.62402,1.77,0.34
"ReactDev/_next/data/1-ZF-6XQG0jdGRecpF7eG/reference/react/cache.json-2,457",150,177,111,307,597,1091,51,2268,0.667%,.62400,4.71,0.33
"ReactDev/_next/data/1-ZF-6XQG0jdGRecpF7eG/reference/react/cacheSignal.json-2,458",150,142,79,237,397,1214,48,1243,0.667%,.62379,1.49,0.33
"ReactDev/_next/data/1-ZF-6XQG0jdGRecpF7eG/reference/react/captureOwnerStack.json-2,459",150,153,92,274,477,885,52,1435,0.667%,.62407,3.01,0.34
"ReactDev/_next/data/1-ZF-6XQG0jdGRecpF7eG/reference/react/startTransition.json-2,460",150,124,80,216,284,835,49,1185,0.000%,.62438,1.67,0.34
"ReactDev/_next/data/1-ZF-6XQG0jdGRecpF7eG/reference/react/useCallback.json-2,461",150,313,123,457,925,2946,52,12310,0.667%,.62470,6.86,0.33
"ReactDev/_next/data/1-ZF-6XQG0jdGRecpF7eG/reference/react/useCallback.json?markdownPath=reference&markdownPath=react&markdownPath=useCallback-2,462",150,107,71,195,281,511,48,798,1.333%,.62500,0.37,0.32
"ReactDev/_next/data/1-ZF-6XQG0jdGRecpF7eG/reference/react/useActionState.json-2,463",150,260,138,566,644,2012,52,5077,2.667%,.62425,7.09,0.34
"ReactDev/_next/data/1-ZF-6XQG0jdGRecpF7eG/reference/react/useEffectEvent.json-2,467",150,229,113,273,375,1133,49,11222,1.333%,.62618,4.31,0.34
"ReactDev/_next/data/1-ZF-6XQG0jdGRecpF7eG/reference/react/useDeferredValue.json-2,465",150,174,110,373,489,833,51,1603,0.667%,.62627,4.99,0.35
"ReactDev/_next/data/1-ZF-6XQG0jdGRecpF7eG/reference/react/useId.json-2,468",150,130,90,217,282,647,48,2157,0.667%,.62636,2.76,0.33
"ReactDev/_next/data/1-ZF-6XQG0jdGRecpF7eG/reference/react/useEffect.json-2,466",150,284,187,650,840,1353,55,2017,2.667%,.62643,11.81,0.34
"ReactDev/_next/data/1-ZF-6XQG0jdGRecpF7eG/reference/react/useDebugValue.json-2,464",150,114,84,230,291,371,48,439,0.000%,.62681,1.58,0.34
"ReactDev/_next/data/1-ZF-6XQG0jdGRecpF7eG/reference/react/useImperativeHandle.json-2,469",150,147,91,230,547,1085,50,1131,0.667%,.62682,2.47,0.35
"ReactDev/_next/data/1-ZF-6XQG0jdGRecpF7eG/reference/react/useInsertionEffect.json-2,470",150,129,90,233,334,552,51,980,0.000%,.62693,2.31,0.35
"ReactDev/_next/data/1-ZF-6XQG0jdGRecpF7eG/reference/react/useLayoutEffect.json-2,471",150,158,102,319,516,705,52,723,0.667%,.62714,4.13,0.34
"ReactDev/_next/data/1-ZF-6XQG0jdGRecpF7eG/learn/react-compiler.json-2,472",150,102,78,156,191,680,49,690,2.000%,.62729,1.08,0.32
"ReactDev/_next/data/1-ZF-6XQG0jdGRecpF7eG/reference/react/useEffectEvent.json-2,473",150,161,105,318,458,948,49,1253,0.000%,.62733,4.32,0.34
"ReactDev/_next/data/1-ZF-6XQG0jdGRecpF7eG/reference/react/useEffect.json-2,474",150,268,174,514,864,1278,56,1686,2.000%,.62737,11.83,0.34
"ReactDev/_next/data/1-ZF-6XQG0jdGRecpF7eG/reference/react/useEffectEvent.json-2,475",150,137,108,261,327,588,50,770,1.333%,.62725,4.31,0.34
"ReactDev/_next/data/1-ZF-6XQG0jdGRecpF7eG/reference/react/useReducer.json-2,477",150,287,111,363,509,1415,52,17781,0.667%,.62720,6.04,0.34
"ReactDev/_next/data/1-ZF-6XQG0jdGRecpF7eG/reference/react/useRef.json-2,478",150,173,103,293,442,707,51,4558,0.667%,.62725,4.48,0.33
"ReactDev/_next/data/1-ZF-6XQG0jdGRecpF7eG/reference/react/useSyncExternalStore.json-2,479",150,148,100,283,420,588,51,904,0.667%,.62732,4.17,0.35
"ReactDev/_next/data/1-ZF-6XQG0jdGRecpF7eG/reference/react/useOptimistic.json-2,476",150,195,122,353,546,1319,54,1521,1.333%,.62800,7.42,0.34
"ReactDev/g/collect?v=2&tid=G-B1E83PJ3RT&gtm=45je6461h1v9119811439za200zd9119811439&_p=1775663617227&gcd=13l3l3l3l1l1&npa=0&dma=0&_eu=AAAAAAQ&cid=144136750.1775661569&frm=0&pscdl=noapi&sr=1536x864&ul=en-us&tag_exp=0~115938465~115938469~116991816~117266401~117512543~118463801&sid=1775661568&sct=1&seg=1&dl=https%3A%2F%2Freact.dev%2Freference%2Freact%2Fapis&dt=Built-in%20React%20APIs%20%E2%80%93%20React&_s=2&tfd=14007-2,481",150,113,82,161,380,519,55,522,0.000%,.62804,0.51,0.71
"ReactDev/_next/data/1-ZF-6XQG0jdGRecpF7eG/reference/react/useState.json-2,480",150,213,128,491,658,1256,55,1305,2.000%,.62797,8.48,0.34
"ReactDev/_next/data/1-ZF-6XQG0jdGRecpF7eG/reference/react/components.json-2,482",150,101,71,138,241,460,48,1206,0.667%,.62819,0.82,0.34
"ReactDev/_next/data/1-ZF-6XQG0jdGRecpF7eG/reference/react/useState.json-2,484",150,222,150,488,658,978,51,1475,1.333%,.62838,8.48,0.34
"ReactDev/_next/data/1-ZF-6XQG0jdGRecpF7eG/reference/react/useRef.json-2,485",150,189,107,372,616,1681,51,2145,1.333%,.62878,4.49,0.33
"ReactDev/_next/data/1-ZF-6XQG0jdGRecpF7eG/reference/react/useSyncExternalStore.json-2,486",150,192,105,333,510,1521,53,5023,0.667%,.62906,4.18,0.35
"ReactDev/_next/data/1-ZF-6XQG0jdGRecpF7eG/reference/react/useTransition.json-2,483",150,209,148,428,529,1308,53,1522,2.667%,.62922,8.34,0.34
"ReactDev/_next/data/1-ZF-6XQG0jdGRecpF7eG/reference/react/useState.json-2,487",150,211,137,387,539,1438,56,3273,1.333%,.62968,8.50,0.34
"ReactDev/_next/data/1-ZF-6XQG0jdGRecpF7eG/reference/react/useSyncExternalStore.json-2,488",150,147,103,289,402,587,52,835,0.667%,.62998,4.19,0.35
"ReactDev/_next/data/1-ZF-6XQG0jdGRecpF7eG/reference/react/useTransition.json-2,489",150,208,137,394,632,1616,52,2217,0.667%,.63003,8.35,0.34
"ReactDev/_next/data/1-ZF-6XQG0jdGRecpF7eG/reference/react/components.json-2,490",150,114,75,198,339,712,49,724,0.667%,.62866,0.83,0.34
"ReactDev/_next/data/1-ZF-6XQG0jdGRecpF7eG/reference/react/apis.json-2,491",150,155,79,313,423,894,50,3532,2.000%,.62832,1.09,0.33
"ReactDev/_next/data/1-ZF-6XQG0jdGRecpF7eG/reference/react-dom/hooks.json-2,492",150,117,77,193,291,759,49,1061,0.667%,.62853,0.96,0.34
"ReactDev/_next/data/1-ZF-6XQG0jdGRecpF7eG/reference/react-dom/static.json-2,493",150,116,77,201,334,477,49,996,0.667%,.62855,1.00,0.34
"ReactDev/_next/data/1-ZF-6XQG0jdGRecpF7eG/reference/react-dom/server.json-2,494",150,114,76,165,250,760,49,895,0.667%,.62839,1.10,0.34
"ReactDev/_next/data/1-ZF-6XQG0jdGRecpF7eG/reference/react-dom/client.json-2,495",150,137,77,202,413,1011,50,1067,1.333%,.62947,0.85,0.34
"ReactDev/_next/data/1-ZF-6XQG0jdGRecpF7eG/reference/react-dom.json-2,496",150,150,85,309,504,1099,50,1105,2.000%,.62959,1.29,0.32
"ReactDev/_next/data/1-ZF-6XQG0jdGRecpF7eG/reference/react-compiler/directives.json-2,497",150,156,84,352,444,1174,48,1352,2.000%,.63215,2.01,0.35
"ReactDev/_next/data/1-ZF-6XQG0jdGRecpF7eG/reference/react-compiler/compiling-libraries.json-2,498",150,134,89,233,379,966,48,1107,0.667%,.63501,1.69,0.37
"ReactDev/_next/data/1-ZF-6XQG0jdGRecpF7eG/reference/react-dom/static.json-2,499",150,127,81,222,328,667,49,1536,1.333%,.63512,1.01,0.34
"ReactDev/_next/data/1-ZF-6XQG0jdGRecpF7eG/community.json-2,501",150,159,76,283,444,870,50,4479,0.000%,.63519,1.17,0.31
"ReactDev/_next/data/1-ZF-6XQG0jdGRecpF7eG/blog.json-2,500",150,188,94,278,442,1538,51,5312,1.333%,.63693,2.90,0.30
"ReactDev/_next/data/1-ZF-6XQG0jdGRecpF7eG/community.json-2,502",150,172,78,330,536,1856,48,2156,0.000%,.63849,1.17,0.31
"ReactDev/_next/data/1-ZF-6XQG0jdGRecpF7eG/blog.json-2,503",150,210,95,293,391,2484,51,7679,2.667%,.64341,2.93,0.30
"ReactDev/_next/data/1-ZF-6XQG0jdGRecpF7eG/blog/2025/12/11/denial-of-service-and-source-code-exposure-in-react-server-components.json-2,505",150,173,98,280,517,1223,52,2706,0.667%,.64801,3.48,0.43
"ReactDev/_next/data/1-ZF-6XQG0jdGRecpF7eG/blog.json?markdownPath=blog-2,504",150,93,70,141,220,435,48,564,0.667%,.65532,0.37,0.30
"ReactDev/_next/data/1-ZF-6XQG0jdGRecpF7eG/blog/2025/12/03/critical-security-vulnerability-in-react-server-components.json-2,506",150,152,95,259,412,1061,51,1872,0.000%,.65646,2.96,0.42
"ReactDev/_next/data/1-ZF-6XQG0jdGRecpF7eG/blog/2026/02/24/the-react-foundation.json-2,507",150,149,85,232,371,858,48,3734,0.667%,.65671,1.60,0.37
"ReactDev/_next/data/1-ZF-6XQG0jdGRecpF7eG/blog/2026/02/24/the-react-foundation.json-2,508",150,132,79,253,339,711,47,2298,1.333%,.65676,1.60,0.37
"ReactDev/_next/data/1-ZF-6XQG0jdGRecpF7eG/blog/2025/10/16/react-conf-2025-recap.json-2,509",150,178,106,338,480,1975,49,2188,4.667%,.65749,3.92,0.37
"ReactDev/_next/data/1-ZF-6XQG0jdGRecpF7eG/blog/2025/12/03/critical-security-vulnerability-in-react-server-components.json-2,510",150,134,85,209,465,857,50,859,2.667%,.66360,2.99,0.42
"ReactDev/_next/data/1-ZF-6XQG0jdGRecpF7eG/blog/2025/10/07/react-compiler-1.json-2,511",150,177,121,303,421,1031,50,1861,2.000%,.66593,5.04,0.37
"ReactDev/_next/data/1-ZF-6XQG0jdGRecpF7eG/blog/2025/10/16/react-conf-2025-recap.json-2,512",150,161,101,297,489,1007,50,1654,1.333%,.66978,3.99,0.38
"ReactDev/_next/data/1-ZF-6XQG0jdGRecpF7eG/blog/2025/12/03/critical-security-vulnerability-in-react-server-components.json-2,513",150,145,89,310,441,926,49,1063,0.667%,.67041,3.02,0.43
"ReactDev/_next/data/1-ZF-6XQG0jdGRecpF7eG/blog/2025/12/03/critical-security-vulnerability-in-react-server-components.json?markdownPath=blog&markdownPath=2025&markdownPath=12&markdownPath=03&markdownPath=critical-security-vulnerability-in-react-server-components-2,514",150,93,71,129,160,570,49,607,0.000%,.67244,0.43,0.42
"ReactDev/_next/data/1-ZF-6XQG0jdGRecpF7eG/community/team.json-2,515",150,133,96,259,339,473,49,634,2.000%,.67246,3.76,0.37
"ReactDev/g/collect?v=2&tid=G-B1E83PJ3RT&gtm=45je6461h1v9119811439za200zd9119811439&_p=1775663617227&gcd=13l3l3l3l1l1&npa=0&dma=0&_eu=AAAAAAQ&cid=144136750.1775661569&frm=0&pscdl=noapi&sr=1536x864&ul=en-us&tag_exp=0~115938465~115938469~116991816~117266401~117512543~118463801&sid=1775661568&sct=1&seg=1&dl=https%3A%2F%2Freact.dev%2Fblog&dt=useCallback%20%E2%80%93%20React&_s=3&tfd=27904-2,516",150,100,80,131,244,582,55,583,0.000%,.67280,0.54,0.80
TOTAL,22050,178,92,352,535,1235,46,17781,1.973%,85.77564,460.81,44.49
